job_name,req_mem,req_cpus,req_gpus,req_duration,actual_duration,submission_time,start_time,end_time,ran_on
job1,31000000,1,0,86400,29838651,1580141192,1580141192,1580227592,computeNode1
job2,1000000,1,0,172800,19518204,1589856931,1589856931,1590029731,computeNode1
job3,8000000,8,0,86400,19467503,1590527240,1590527240,1590613640,computeNode1
job4,8000000,8,0,86400,19467382,1590527359,1590527359,1590613759,computeNode1
job6,1000000,1,0,259200,19379507,1590586619,1590586619,1590845819,computeNode1
job5,1000000,1,0,259200,19381438,1590586619,1590586619,1590845819,computeNode1
job7,120000000,32,0,360000,19384619,1590610139,1590610139,1590970139,computeNode1
job14,20000000,8,1,2160000,3,1607433935,1607433935,1607433938,gpuNode1
job15,20000000,32,2,2160000,4,1607433935,1607433935,1607433939,gpuNode1
job13,20000000,32,2,2160000,4,1607433935,1607433938,1607433942,gpuNode1
job12,20000000,32,2,2160000,4,1607433935,1607433939,1607433943,gpuNode1
job11,20000000,6,1,2160000,3,1607433935,1607433942,1607433945,gpuNode1
job9,16000000,1,0,2163600,2,1607433935,1607433943,1607433945,computeNode1
job16,20000000,8,1,2160000,3,1607433935,1607433943,1607433946,gpuNode1
job10,16000000,1,0,2163600,3,1607433935,1607433943,1607433946,computeNode1
job8,20000000,32,2,2160000,4,1607433935,1607433943,1607433947,gpuNode1
job17,16000000,1,0,1803600,3,1607662980,1607662980,1607662983,computeNode1
job18,16000000,1,0,1803600,3,1607662997,1607662997,1607663000,computeNode1
job19,16000000,1,0,1803600,3,1607663016,1607663016,1607663019,computeNode1
job20,16000000,1,0,1803600,3,1607663025,1607663025,1607663028,computeNode1
job21,16000000,1,0,1803600,3,1607663037,1607663037,1607663040,computeNode1
job22,16000000,1,0,1803600,3,1607663050,1607663050,1607663053,computeNode1
job23,16000000,1,0,1803600,2,1607663065,1607663065,1607663067,computeNode1
job24,16000000,1,0,1803600,2,1607663074,1607663074,1607663076,computeNode1
job25,16000000,1,0,1803600,3,1607705981,1607705981,1607705984,computeNode1
job27,16000000,1,0,1803600,2,1608052095,1608052095,1608052097,computeNode1
job28,16000000,1,0,1803600,3,1608053292,1608053292,1608053295,computeNode1
job29,16000000,1,0,2163600,2,1608076105,1608076105,1608076107,computeNode1
job30,16000000,1,0,1803600,3,1608144330,1608144330,1608144333,computeNode1
job31,16000000,1,0,1803600,3,1608144356,1608144356,1608144359,computeNode1
job32,16000000,1,0,1803600,2,1608175288,1608175288,1608175290,computeNode1
job34,72000000,6,0,1123200,1123226,1608420768,1608420768,1609543968,computeNode1
job35,90000000,6,0,1123200,1123225,1608420920,1608420920,1609544120,computeNode1
job36,90000000,6,0,1123200,1123222,1608421074,1608421074,1609544274,computeNode1
job37,90000000,6,0,1123200,1123208,1608421448,1608421448,1609544648,computeNode2
job38,90000000,6,0,1123200,1123202,1608421780,1608421780,1609544980,computeNode2
job39,90000000,6,0,1036800,1036820,1608514202,1608514202,1609551002,computeNode3
job40,90000000,6,0,1036800,1036810,1608514392,1608514392,1609551192,computeNode3
job41,96000000,6,0,1036800,1036812,1608514539,1608514539,1609551339,computeNode4
job42,84000000,6,0,1036800,1036809,1608515480,1608515480,1609552280,computeNode4
job43,120000000,8,0,1036800,1036822,1608515766,1608515766,1609552566,computeNode5
job44,102000000,6,0,1036800,1036812,1608515866,1608515866,1609552666,computeNode5
job45,102000000,6,0,1036800,1036803,1608515997,1608515997,1609552797,bigMemNode1
job46,120000000,8,0,1036800,1036803,1608516127,1608516127,1609552927,bigMemNode1
job47,84000000,6,0,1036800,1036801,1608516328,1608516328,1609553128,bigMemNode1
job48,96000000,8,0,1036800,1036823,1608516427,1608516427,1609553227,bigMemNode2
job49,280000000,14,0,1036800,1036814,1608516676,1608516676,1609553476,bigMemNode2
job33,16000000,16,1,1200600,1200614,1608397903,1608397903,1609598503,gpuNode1
job26,8000000,8,1,1677600,1677609,1607972617,1607972617,1609650217,gpuNode1
job54,8000000,8,1,1200600,1200600,1608653777,1608653777,1609854377,gpuNode1
job63,400000000,24,0,2419200,3,1608658726,1609854377,1609854380,bigMemNode2
job55,8000000,8,1,1200600,1200616,1608653941,1608653941,1609854541,gpuNode1
job56,8000000,8,1,1200600,1200600,1608654108,1608654108,1609854708,gpuNode1
job57,8000000,8,1,1200600,1200612,1608654186,1608654186,1609854786,gpuNode1
job53,8000000,8,1,1202400,1202400,1608653688,1608653688,1609856088,gpuNode1
job50,128000000,1,0,1296000,1296009,1608576672,1608576672,1609872672,bigMemNode1
job51,128000000,1,0,1296000,1296007,1608576950,1608576950,1609872950,bigMemNode1
job52,12000000,20,0,1296000,1296028,1608589860,1608589860,1609885860,computeNode2
job65,8000000,8,1,1202400,843558,1608664398,1609854541,1610698099,gpuNode1
job59,8000000,8,1,1200600,1200626,1608654322,1609598503,1610799103,gpuNode1
job58,8000000,8,1,1200600,1200622,1608654266,1609598503,1610799103,gpuNode1
job60,8000000,8,1,1202400,1202418,1608654388,1609650217,1610852617,gpuNode1
job67,8000000,8,1,1200600,1200611,1608665142,1609856088,1611056688,gpuNode1
job61,8000000,8,1,1202400,1202420,1608654448,1609854377,1611056777,gpuNode1
job66,16000000,16,1,1202400,1202403,1608664490,1609854786,1611057186,gpuNode1
job64,32000000,32,0,1216800,1216811,1608663506,1609854377,1611071177,computeNode1
job62,400000000,16,0,1249200,1249226,1608658620,1609854377,1611103577,bigMemNode1
job95,2000000,1,0,516600,215883,1609276455,1611057186,1611273069,computeNode1
job98,2000000,1,0,516600,216634,1609276641,1611057186,1611273820,computeNode1
job96,2000000,1,0,516600,221423,1609276475,1611057186,1611278609,computeNode1
job97,2000000,1,0,516600,234716,1609276482,1611057186,1611291902,computeNode1
job94,84000000,6,0,518400,240545,1609263108,1611057186,1611297731,computeNode2
job99,16000000,1,0,345600,266865,1609276862,1611057186,1611324051,computeNode2
job89,256000000,1,0,687600,329598,1609166528,1611057186,1611386784,bigMemNode1
job100,200000000,1,0,345600,345618,1609280539,1611057186,1611402786,bigMemNode1
job92,20000000,20,0,518400,404796,1609256221,1611057186,1611461982,bigMemNode2
job84,32000000,32,0,864000,464862,1609039644,1611057186,1611522048,computeNode4
job87,32000000,32,0,864000,513828,1609039644,1611057186,1611571014,computeNode3
job83,20000000,20,0,518400,518401,1608994639,1611057186,1611575586,computeNode1
job91,128000000,16,0,536400,536409,1609176238,1611057186,1611593586,computeNode5
job88,128000000,16,0,536400,536428,1609044731,1611057186,1611593586,computeNode5
job85,32000000,32,0,864000,554649,1609039644,1611057186,1611611835,computeNode4
job90,72000000,6,0,604800,562424,1609172249,1611057186,1611619610,computeNode2
job86,32000000,32,0,864000,682906,1609039644,1611057186,1611740092,computeNode3
job77,50000000,50,0,691200,691222,1608871284,1611057186,1611748386,computeNode2
job68,8000000,8,1,1200600,1200613,1608665529,1610698099,1611898699,gpuNode1
job69,8000000,8,1,1200600,1200626,1608665607,1610799103,1611999703,gpuNode1
job70,8000000,8,1,1200600,1200617,1608665705,1610799103,1611999703,gpuNode1
job71,8000000,8,1,1200600,1200613,1608665769,1610852617,1612053217,gpuNode1
job76,128000000,8,0,1209600,1067229,1608667431,1611057186,1612124415,computeNode1
job72,8000000,8,1,1200600,1200603,1608665929,1611056688,1612257288,gpuNode1
job73,8000000,8,1,1200600,1200613,1608666010,1611056777,1612257377,gpuNode1
job75,8000000,8,1,1200600,1200609,1608666163,1611057186,1612257786,gpuNode1
job74,8000000,8,1,1200600,1200621,1608666122,1611057186,1612257786,gpuNode1
job103,16000000,8,0,518400,518405,1609287176,1612053217,1612571617,computeNode1
job105,16000000,8,0,518400,518412,1609287228,1612053217,1612571617,computeNode1
job106,16000000,8,0,518400,518422,1609287248,1612053217,1612571617,computeNode1
job104,16000000,8,0,518400,518412,1609287199,1612053217,1612571617,computeNode1
job102,120000000,32,2,619200,579012,1609285143,1612053217,1612632229,gpuNode1
job112,84000000,6,0,432000,383703,1609350964,1612257786,1612641489,computeNode1
job111,120000000,32,2,554400,439298,1609349266,1612257786,1612697084,gpuNode1
job122,32000000,32,0,216000,126166,1609378705,1612632229,1612758395,computeNode5
job121,32000000,32,0,216000,126996,1609378705,1612632229,1612759225,computeNode5
job116,32000000,32,0,216000,144014,1609378685,1612632229,1612776243,computeNode3
job115,32000000,32,0,216000,145055,1609378685,1612632229,1612777284,computeNode4
job114,32000000,32,0,216000,200107,1609378685,1612632229,1612832336,computeNode4
job117,32000000,32,0,216000,216019,1609378685,1612632229,1612848229,computeNode3
job118,32000000,32,0,216000,216019,1609378685,1612632229,1612848229,computeNode2
job119,32000000,32,0,216000,216019,1609378685,1612632229,1612848229,computeNode2
job120,32000000,32,0,216000,216019,1609378685,1612632229,1612848229,computeNode1
job124,32000000,32,0,216000,216012,1609394758,1612641489,1612857489,computeNode1
job123,32000000,32,0,216000,216017,1609394758,1612697084,1612913084,gpuNode1
job125,32000000,32,0,216000,168891,1609394767,1612776243,1612945134,computeNode3
job127,32000000,32,0,216000,188566,1609394767,1612758395,1612946961,computeNode5
job126,32000000,32,0,216000,189547,1609394767,1612759225,1612948772,computeNode5
job129,40000000,40,0,216000,172633,1609395724,1612857489,1613030122,computeNode1
job131,40000000,40,0,216000,207501,1609395724,1612832336,1613039837,computeNode4
job130,40000000,40,0,216000,197866,1609395724,1612848229,1613046095,computeNode2
job175,20000000,20,0,518400,4,1609432661,1613046095,1613046099,computeNode4
job137,150000000,20,0,72000,72012,1609415187,1613046095,1613118095,computeNode1
job128,40000000,40,0,216000,174115,1609395724,1612945134,1613119249,computeNode3
job177,20000000,20,0,518400,3,1609436069,1613119249,1613119252,computeNode1
job178,20000000,20,0,518400,3,1609436439,1613119249,1613119252,computeNode3
job139,200000000,1,0,86340,86369,1609424992,1613046095,1613132435,computeNode3
job138,200000000,1,0,86340,86349,1609417210,1613046095,1613132435,computeNode2
job113,120000000,32,2,554400,506879,1609357277,1612632229,1613139108,gpuNode1
job132,40000000,40,0,216000,216029,1609395825,1612948772,1613164772,computeNode5
job182,16000000,16,0,172740,43100,1609438304,1613132435,1613175535,computeNode2
job180,16000000,16,0,172740,44253,1609438303,1613132435,1613176688,computeNode1
job181,16000000,16,0,172740,49978,1609438304,1613132435,1613182413,computeNode4
job184,16000000,16,0,172740,50067,1609438305,1613132435,1613182502,bigMemNode1
job185,16000000,16,0,172740,50346,1609438305,1613132435,1613182781,computeNode5
job183,16000000,16,0,172740,50434,1609438305,1613132435,1613182869,bigMemNode2
job188,16000000,16,0,172740,53804,1609438306,1613139108,1613192912,gpuNode1
job187,16000000,16,0,172740,54085,1609438306,1613139108,1613193193,gpuNode1
job193,16000000,16,0,172740,44788,1609438308,1613164772,1613209560,computeNode5
job186,16000000,16,0,172740,49746,1609438306,1613164772,1613214518,computeNode5
job192,16000000,16,0,172740,44097,1609438308,1613175535,1613219632,computeNode2
job194,16000000,16,0,172740,60266,1609438308,1613164772,1613225038,computeNode5
job189,16000000,16,0,172740,46096,1609438308,1613182502,1613228598,bigMemNode1
job190,16000000,16,0,172740,54427,1609438308,1613182413,1613236840,computeNode4
job136,32000000,32,0,216000,196279,1609399926,1613046095,1613242374,gpuNode1
job198,16000000,16,0,172740,59692,1609438310,1613182869,1613242561,bigMemNode2
job195,16000000,16,0,172740,59840,1609438309,1613182781,1613242621,computeNode5
job135,40000000,40,0,216000,216021,1609395825,1613030122,1613246122,computeNode1
job197,16000000,16,0,172740,60315,1609438310,1613192912,1613253227,gpuNode1
job196,16000000,16,0,172740,60101,1609438310,1613193193,1613253294,gpuNode1
job134,40000000,40,0,216000,216021,1609395825,1613039837,1613255837,computeNode4
job133,40000000,40,0,216000,216029,1609395825,1613046095,1613262095,computeNode2
job204,16000000,16,0,172740,59898,1609438311,1613209560,1613269458,computeNode5
job203,16000000,16,0,172740,59986,1609438311,1613214518,1613274504,computeNode5
job202,16000000,16,0,172740,59778,1609438311,1613219632,1613279410,computeNode2
job176,32000000,32,0,216000,161604,1609434377,1613119249,1613280853,computeNode3
job201,16000000,16,0,172740,59359,1609438311,1613225038,1613284397,computeNode5
job200,16000000,16,0,172740,59121,1609438311,1613228598,1613287719,bigMemNode1
job233,8000000,8,0,1296000,4,1609450356,1613287719,1613287723,bigMemNode1
job232,8000000,8,0,1296000,4,1609450356,1613287719,1613287723,bigMemNode2
job231,8000000,8,0,1296000,4,1609450356,1613287723,1613287727,bigMemNode1
job237,8000000,8,0,1296000,4,1609450357,1613287723,1613287727,bigMemNode2
job236,8000000,8,0,1296000,4,1609450357,1613287727,1613287731,bigMemNode1
job235,8000000,8,0,1296000,4,1609450357,1613287727,1613287731,bigMemNode2
job234,8000000,8,0,1296000,4,1609450357,1613287731,1613287735,bigMemNode1
job240,8000000,8,0,1296000,4,1609450358,1613287731,1613287735,bigMemNode2
job239,8000000,8,0,1296000,4,1609450358,1613287735,1613287739,bigMemNode1
job238,8000000,8,0,1296000,4,1609450358,1613287735,1613287739,bigMemNode2
job241,8000000,8,0,1296000,4,1609450360,1613287739,1613287743,bigMemNode1
job246,8000000,8,0,1296000,4,1609450361,1613287739,1613287743,bigMemNode2
job245,8000000,8,0,1296000,4,1609450361,1613287743,1613287747,bigMemNode1
job244,8000000,8,0,1296000,4,1609450361,1613287743,1613287747,bigMemNode2
job243,8000000,8,0,1296000,4,1609450361,1613287747,1613287751,bigMemNode1
job242,8000000,8,0,1296000,4,1609450361,1613287747,1613287751,bigMemNode2
job250,8000000,8,0,1296000,4,1609450362,1613287751,1613287755,bigMemNode1
job249,8000000,8,0,1296000,4,1609450362,1613287751,1613287755,bigMemNode2
job248,8000000,8,0,1296000,4,1609450362,1613287755,1613287759,bigMemNode1
job247,8000000,8,0,1296000,4,1609450362,1613287755,1613287759,bigMemNode2
job251,8000000,8,0,1296000,4,1609450363,1613287759,1613287763,bigMemNode1
job199,16000000,16,0,172740,60142,1609438311,1613236840,1613296982,computeNode4
job209,16000000,16,0,172740,58772,1609438312,1613242374,1613301146,gpuNode1
job208,16000000,16,0,172740,58880,1609438312,1613242374,1613301254,gpuNode1
job207,16000000,16,0,172740,59277,1609438312,1613242561,1613301838,bigMemNode2
job214,16000000,16,0,172740,56187,1609438313,1613246122,1613302309,computeNode1
job215,16000000,16,0,172740,56503,1609438313,1613246122,1613302625,computeNode1
job206,16000000,16,0,172740,60207,1609438312,1613242621,1613302828,computeNode5
job256,32000000,32,0,216000,3142,1609453797,1613301254,1613304396,gpuNode1
job205,16000000,16,0,172740,59824,1609438312,1613246122,1613305946,computeNode1
job211,16000000,16,0,172740,52201,1609438313,1613255837,1613308038,computeNode4
job212,16000000,16,0,172740,55315,1609438313,1613253294,1613308609,gpuNode1
job213,16000000,16,0,172740,56889,1609438313,1613253227,1613310116,gpuNode1
job210,16000000,16,0,172740,57371,1609438313,1613255837,1613313208,computeNode4
job219,16000000,16,0,172740,58073,1609438314,1613255837,1613313910,computeNode4
job217,16000000,16,0,172740,57570,1609438314,1613262095,1613319665,computeNode2
job216,16000000,16,0,172740,57655,1609438314,1613262095,1613319750,computeNode2
job218,16000000,16,0,172740,58269,1609438314,1613262095,1613320364,computeNode2
job191,16000000,16,0,172740,150410,1609438308,1613176688,1613327098,computeNode1
job224,16000000,16,0,172740,59397,1609438315,1613269458,1613328855,computeNode5
job223,16000000,16,0,172740,58096,1609438315,1613274504,1613332600,computeNode5
job222,16000000,16,0,172740,58393,1609438315,1613279410,1613337803,computeNode2
job220,16000000,16,0,172740,57001,1609438315,1613280853,1613337854,computeNode3
job221,16000000,16,0,172740,58341,1609438315,1613280853,1613339194,computeNode3
job283,256000000,1,0,342000,1396,1609511174,1613337803,1613339199,bigMemNode1
job306,70000000,16,0,10800,4787,1609519430,1613337854,1613342641,computeNode3
job307,20000000,20,0,518400,3,1609519474,1613342641,1613342644,computeNode3
job226,16000000,16,0,172740,59081,1609438316,1613284397,1613343478,computeNode5
job284,256000000,1,0,342000,6412,1609512913,1613337803,1613344215,bigMemNode1
job270,4000000,1,0,90000,8418,1609481868,1613337803,1613346221,computeNode1
job225,16000000,16,0,172740,59408,1609438316,1613287719,1613347127,bigMemNode1
job331,10000000,1,2,360,360,1609529674,1613347127,1613347487,gpuNode1
job330,10000000,1,2,360,360,1609529674,1613347127,1613347487,gpuNode1
job329,10000000,1,2,360,360,1609529674,1613347127,1613347487,gpuNode1
job328,10000000,1,2,360,390,1609529674,1613347127,1613347487,gpuNode1
job327,10000000,1,2,360,383,1609529674,1613347487,1613347847,gpuNode1
job334,10000000,1,2,360,380,1609529679,1613347487,1613347847,gpuNode1
job333,10000000,1,2,360,380,1609529679,1613347487,1613347847,gpuNode1
job332,10000000,1,2,360,360,1609529679,1613347487,1613347847,gpuNode1
job336,10000000,1,2,360,380,1609529680,1613347847,1613348207,gpuNode1
job335,10000000,1,2,360,380,1609529680,1613347847,1613348207,gpuNode1
job338,10000000,1,2,360,379,1609529685,1613347847,1613348207,gpuNode1
job337,10000000,1,2,360,380,1609529685,1613347847,1613348207,gpuNode1
job339,10000000,1,2,360,114,1609529686,1613348207,1613348321,gpuNode1
job340,10000000,1,2,360,116,1609529686,1613348207,1613348323,gpuNode1
job341,10000000,1,2,360,117,1609529687,1613348207,1613348324,gpuNode1
job342,10000000,1,2,360,118,1609529697,1613348207,1613348325,gpuNode1
job344,10000000,1,2,360,59,1609529698,1613348321,1613348380,gpuNode1
job343,10000000,1,2,360,119,1609529698,1613348323,1613348442,gpuNode1
job324,20000000,1,0,82800,1616,1609529543,1613347127,1613348743,computeNode5
job323,20000000,1,0,82800,1687,1609529543,1613347127,1613348814,computeNode5
job305,32000000,1,0,82800,12980,1609517261,1613337803,1613350783,computeNode5
job325,20000000,1,0,82800,3975,1609529586,1613347127,1613351102,bigMemNode1
job326,20000000,1,0,82800,4158,1609529586,1613347127,1613351285,computeNode5
job273,50000000,1,0,72000,15843,1609507217,1613337803,1613353646,computeNode5
job304,16000000,1,0,86340,16759,1609517078,1613337803,1613354562,computeNode5
job299,16000000,1,0,86340,19625,1609517077,1613337803,1613357428,computeNode4
job300,16000000,1,0,86340,19691,1609517077,1613337803,1613357494,computeNode4
job298,16000000,1,0,86340,20167,1609517077,1613337803,1613357970,computeNode4
job297,16000000,1,0,86340,20202,1609517077,1613337803,1613358005,computeNode5
job301,16000000,1,0,86340,20304,1609517077,1613337803,1613358107,computeNode1
job302,16000000,1,0,86340,20429,1609517078,1613337803,1613358232,computeNode5
job303,16000000,1,0,86340,21758,1609517078,1613337803,1613359561,computeNode5
job295,16000000,1,0,86340,23071,1609517076,1613337803,1613360874,computeNode1
job296,16000000,1,0,86340,23113,1609517076,1613337803,1613360916,computeNode1
job267,50000000,4,0,72000,26843,1609467027,1613337803,1613364646,computeNode1
job179,32000000,32,0,345600,242060,1609438095,1613132435,1613374495,computeNode3
job259,50000000,50,0,85800,68532,1609459386,1613310116,1613378648,gpuNode1
job348,10000000,1,2,21960,13980,1609530729,1613374495,1613388475,gpuNode1
job310,16000000,16,0,172740,45862,1609519489,1613342644,1613388506,computeNode3
job311,16000000,16,0,172740,45914,1609519489,1613342644,1613388558,computeNode3
job350,10000000,1,2,21960,14100,1609530730,1613374495,1613388595,gpuNode1
job346,10000000,1,2,21600,14173,1609530729,1613374495,1613388668,gpuNode1
job309,16000000,16,0,172740,47628,1609519489,1613343478,1613391106,computeNode5
job258,4000000,1,0,90000,90000,1609459187,1613301254,1613391254,computeNode4
job257,4000000,1,0,90000,90011,1609459144,1613301254,1613391254,computeNode4
job347,10000000,1,2,21960,17354,1609530729,1613374495,1613391849,gpuNode1
job281,50000000,1,0,72000,54440,1609507217,1613337803,1613392243,computeNode1
job274,50000000,1,0,72000,54440,1609507217,1613337803,1613392243,computeNode4
job275,50000000,1,0,72000,54440,1609507217,1613337803,1613392243,computeNode4
job279,50000000,1,0,72000,54440,1609507217,1613337803,1613392243,computeNode2
job276,50000000,1,0,72000,54440,1609507217,1613337803,1613392243,computeNode4
job277,50000000,1,0,72000,54440,1609507217,1613337803,1613392243,computeNode2
job278,50000000,1,0,72000,54440,1609507217,1613337803,1613392243,computeNode2
job280,50000000,1,0,72000,54440,1609507217,1613337803,1613392243,computeNode2
job282,50000000,1,0,72000,54440,1609507217,1613337803,1613392243,computeNode1
job308,16000000,16,0,172740,49128,1609519489,1613347127,1613396255,bigMemNode1
job261,50000000,50,0,85800,85825,1609459395,1613313910,1613399710,computeNode4
job349,10000000,1,2,21960,14143,1609530730,1613388475,1613402618,gpuNode1
job265,50000000,50,0,85800,64936,1609459463,1613337803,1613402739,computeNode2
job352,10000000,1,2,21960,14107,1609532240,1613388668,1613402775,gpuNode1
job351,10000000,1,2,21600,14191,1609532240,1613388595,1613402786,gpuNode1
job355,10000000,1,2,21960,14276,1609532241,1613391849,1613406125,gpuNode1
job272,150000000,20,0,72000,72002,1609488867,1613337803,1613409803,bigMemNode2
job356,10000000,1,2,21600,8015,1609532246,1613402786,1613410801,gpuNode1
job263,50000000,50,0,85800,85825,1609459458,1613327098,1613412898,computeNode1
job357,10000000,1,2,21960,7918,1609532246,1613406125,1613414043,gpuNode1
job353,10000000,1,2,21960,14079,1609532241,1613402775,1613416854,gpuNode1
job354,10000000,1,2,21960,14239,1609532241,1613402618,1613416857,gpuNode1
job359,10000000,1,2,21960,7977,1609532247,1613410801,1613418778,gpuNode1
job358,10000000,1,2,21960,9828,1609532247,1613414043,1613423871,gpuNode1
job360,10000000,1,2,21960,7957,1609532248,1613416854,1613424811,gpuNode1
job271,4000000,1,0,90000,90026,1609481965,1613337803,1613427803,computeNode1
job362,10000000,1,2,21960,18966,1609532254,1613418778,1613437744,gpuNode1
job361,10000000,1,2,21600,21617,1609532254,1613416857,1613438457,gpuNode1
job365,10000000,1,2,21960,18992,1609532255,1613423871,1613442863,gpuNode1
job364,10000000,1,2,21960,19030,1609532255,1613424811,1613443841,gpuNode1
job363,10000000,1,2,21960,19024,1609532255,1613437744,1613456768,gpuNode1
job366,10000000,1,2,21600,19299,1609532265,1613438457,1613457756,gpuNode1
job370,10000000,1,2,21960,19209,1609532265,1613442863,1613462072,gpuNode1
job369,10000000,1,2,21960,19159,1609532265,1613443841,1613463000,gpuNode1
job345,32000000,32,0,216000,95936,1609529699,1613374495,1613470431,computeNode3
job371,10000000,1,2,21600,9887,1609532270,1613462072,1613471959,gpuNode1
job375,10000000,1,2,21960,9898,1609532271,1613463000,1613472898,gpuNode1
job368,10000000,1,2,21960,19048,1609532265,1613456768,1613475816,gpuNode1
job557,10000000,1,0,86400,6,1609547330,1613475816,1613475822,computeNode5
job556,10000000,1,0,86400,6,1609547330,1613475816,1613475822,bigMemNode1
job469,10000000,1,0,82800,8,1609543881,1613475816,1613475824,computeNode4
job385,10000000,1,0,82800,8,1609535748,1613475816,1613475824,computeNode1
job470,10000000,1,0,82800,8,1609543881,1613475816,1613475824,computeNode4
job472,10000000,1,0,82800,8,1609543881,1613475816,1613475824,computeNode3
job471,10000000,1,0,82800,8,1609543881,1613475816,1613475824,computeNode4
job577,10000000,1,0,86400,8,1609547598,1613475816,1613475824,bigMemNode2
job576,10000000,1,0,86400,8,1609547598,1613475816,1613475824,bigMemNode2
job387,10000000,1,0,82800,9,1609535748,1613475816,1613475825,computeNode1
job386,10000000,1,0,82800,9,1609535748,1613475816,1613475825,computeNode1
job384,10000000,1,0,82800,9,1609535748,1613475816,1613475825,computeNode1
job548,10000000,1,0,86400,9,1609547330,1613475816,1613475825,bigMemNode1
job547,10000000,1,0,86400,9,1609547330,1613475816,1613475825,bigMemNode1
job552,10000000,1,0,86400,9,1609547330,1613475816,1613475825,bigMemNode1
job551,10000000,1,0,86400,9,1609547330,1613475816,1613475825,bigMemNode1
job553,10000000,1,0,86400,10,1609547330,1613475816,1613475826,bigMemNode1
job550,10000000,1,0,86400,10,1609547330,1613475816,1613475826,bigMemNode1
job549,10000000,1,0,86400,10,1609547330,1613475816,1613475826,bigMemNode1
job555,10000000,1,0,86400,10,1609547330,1613475816,1613475826,bigMemNode1
job554,10000000,1,0,86400,10,1609547330,1613475816,1613475826,bigMemNode1
job569,10000000,1,0,86400,11,1609547598,1613475816,1613475827,bigMemNode2
job573,10000000,1,0,86400,11,1609547598,1613475816,1613475827,bigMemNode2
job571,10000000,1,0,86400,11,1609547598,1613475816,1613475827,bigMemNode2
job570,10000000,1,0,86400,11,1609547598,1613475816,1613475827,bigMemNode2
job572,10000000,1,0,86400,11,1609547598,1613475816,1613475827,bigMemNode2
job575,10000000,1,0,86400,11,1609547598,1613475816,1613475827,bigMemNode2
job568,10000000,1,0,86400,11,1609547598,1613475816,1613475827,bigMemNode1
job567,10000000,1,0,86400,11,1609547598,1613475816,1613475827,bigMemNode1
job381,10000000,1,0,82800,12,1609535748,1613475816,1613475828,computeNode1
job380,10000000,1,0,82800,12,1609535748,1613475816,1613475828,computeNode1
job383,10000000,1,0,82800,12,1609535748,1613475816,1613475828,computeNode1
job382,10000000,1,0,82800,12,1609535748,1613475816,1613475828,computeNode1
job574,10000000,1,0,86400,12,1609547598,1613475816,1613475828,bigMemNode2
job541,10000000,1,0,86400,13,1609547330,1613475816,1613475829,bigMemNode1
job540,10000000,1,0,86400,13,1609547330,1613475816,1613475829,bigMemNode1
job539,10000000,1,0,86400,13,1609547330,1613475816,1613475829,bigMemNode1
job545,10000000,1,0,86400,14,1609547330,1613475816,1613475830,bigMemNode1
job538,10000000,1,0,86400,14,1609547330,1613475816,1613475830,bigMemNode1
job543,10000000,1,0,86400,14,1609547330,1613475816,1613475830,bigMemNode1
job542,10000000,1,0,86400,14,1609547330,1613475816,1613475830,bigMemNode1
job546,10000000,1,0,86400,14,1609547330,1613475816,1613475830,bigMemNode1
job544,10000000,1,0,86400,14,1609547330,1613475816,1613475830,bigMemNode1
job560,10000000,1,0,86400,15,1609547598,1613475816,1613475831,bigMemNode2
job561,10000000,1,0,86400,15,1609547598,1613475816,1613475831,bigMemNode2
job566,10000000,1,0,86400,15,1609547598,1613475816,1613475831,bigMemNode1
job565,10000000,1,0,86400,16,1609547598,1613475816,1613475832,bigMemNode2
job558,10000000,1,0,86400,16,1609547598,1613475816,1613475832,bigMemNode2
job563,10000000,1,0,86400,16,1609547598,1613475816,1613475832,bigMemNode1
job562,10000000,1,0,86400,16,1609547598,1613475816,1613475832,bigMemNode2
job564,10000000,1,0,86400,16,1609547598,1613475816,1613475832,bigMemNode1
job559,10000000,1,0,86400,16,1609547598,1613475816,1613475832,bigMemNode2
job461,8000000,1,0,3600,29,1609542507,1613475816,1613475845,computeNode3
job537,10000000,1,0,86400,30,1609547215,1613475816,1613475846,computeNode5
job536,10000000,1,0,86400,30,1609547215,1613475816,1613475846,computeNode5
job533,10000000,1,0,86400,30,1609547215,1613475816,1613475846,computeNode5
job529,10000000,1,0,86400,30,1609547215,1613475816,1613475846,computeNode5
job527,10000000,1,0,86400,30,1609547215,1613475816,1613475846,computeNode5
job528,10000000,1,0,86400,30,1609547215,1613475816,1613475846,computeNode5
job530,10000000,1,0,86400,30,1609547215,1613475816,1613475846,computeNode5
job532,10000000,1,0,86400,30,1609547215,1613475816,1613475846,computeNode5
job531,10000000,1,0,86400,30,1609547215,1613475816,1613475846,computeNode5
job535,10000000,1,0,86400,30,1609547215,1613475816,1613475846,computeNode5
job534,10000000,1,0,86400,30,1609547215,1613475816,1613475846,computeNode5
job526,10000000,1,0,86400,32,1609547215,1613475816,1613475848,computeNode5
job525,10000000,1,0,86400,32,1609547215,1613475816,1613475848,computeNode5
job523,10000000,1,0,86400,32,1609547215,1613475816,1613475848,computeNode5
job522,10000000,1,0,86400,32,1609547215,1613475816,1613475848,computeNode5
job462,8000000,1,0,3600,33,1609542761,1613475816,1613475849,computeNode3
job518,10000000,1,0,86400,33,1609547215,1613475816,1613475849,computeNode5
job521,10000000,1,0,86400,33,1609547215,1613475816,1613475849,computeNode5
job519,10000000,1,0,86400,33,1609547215,1613475816,1613475849,computeNode5
job520,10000000,1,0,86400,33,1609547215,1613475816,1613475849,computeNode5
job524,10000000,1,0,86400,33,1609547215,1613475816,1613475849,computeNode5
job458,4000000,1,0,3600,54,1609541512,1613475816,1613475870,computeNode3
job377,12000000,6,0,43200,62,1609535385,1613475816,1613475878,computeNode1
job376,12000000,6,0,43200,62,1609535380,1613475816,1613475878,computeNode1
job459,4000000,1,0,3600,122,1609541877,1613475816,1613475938,computeNode3
job460,8000000,1,0,3600,167,1609542151,1613475816,1613475983,computeNode3
job388,1000000,4,0,43200,303,1609536417,1613475816,1613476119,computeNode1
job467,10000000,1,0,82800,800,1609543881,1613475816,1613476616,computeNode4
job468,10000000,1,0,82800,814,1609543881,1613475816,1613476630,computeNode4
job390,5000000,20,0,43200,833,1609536759,1613475816,1613476649,computeNode1
job378,10000000,1,0,82800,987,1609535748,1613475816,1613476803,computeNode1
job464,10000000,1,0,82800,991,1609543881,1613475816,1613476807,computeNode4
job379,10000000,1,0,82800,991,1609535748,1613475816,1613476807,computeNode1
job463,10000000,1,0,82800,997,1609543881,1613475816,1613476813,computeNode4
job367,10000000,1,2,21960,19137,1609532265,1613457756,1613476893,gpuNode1
job466,10000000,1,0,82800,1520,1609543881,1613475816,1613477336,computeNode4
job465,10000000,1,0,82800,1528,1609543881,1613475816,1613477344,computeNode4
job426,4000000,1,0,345600,1703,1609539270,1613475816,1613477519,computeNode3
job414,4000000,1,0,345600,1827,1609539262,1613475816,1613477643,computeNode3
job420,4000000,1,0,345600,2091,1609539266,1613475816,1613477907,computeNode3
job441,4000000,1,0,345600,2093,1609539281,1613475816,1613477909,computeNode3
job439,4000000,1,0,345600,2121,1609539280,1613475816,1613477937,computeNode3
job484,4000000,1,0,345600,2157,1609544289,1613475816,1613477973,computeNode4
job408,4000000,1,0,345600,2193,1609539257,1613475816,1613478009,computeNode3
job432,4000000,1,0,345600,2245,1609539275,1613475816,1613478061,computeNode3
job515,4000000,1,0,345600,2268,1609544312,1613475816,1613478084,computeNode4
job474,4000000,1,0,345600,2289,1609544282,1613475816,1613478105,computeNode4
job447,4000000,1,0,345600,2356,1609539285,1613475816,1613478172,computeNode3
job410,4000000,1,0,345600,2361,1609539259,1613475816,1613478177,computeNode3
job415,4000000,1,0,345600,2372,1609539262,1613475816,1613478188,computeNode3
job500,4000000,1,0,345600,2468,1609544301,1613475816,1613478284,computeNode4
job477,4000000,1,0,345600,2475,1609544284,1613475816,1613478291,computeNode4
job513,4000000,1,0,345600,2485,1609544311,1613475816,1613478301,computeNode4
job487,4000000,1,0,345600,2525,1609544291,1613475816,1613478341,computeNode4
job409,4000000,1,0,345600,2592,1609539258,1613475816,1613478408,computeNode3
job455,4000000,1,0,345600,2626,1609539291,1613475816,1613478442,computeNode3
job476,4000000,1,0,345600,2687,1609544283,1613475816,1613478503,computeNode4
job510,4000000,1,0,345600,2699,1609544309,1613475816,1613478515,computeNode4
job501,4000000,1,0,345600,2701,1609544303,1613475816,1613478517,computeNode4
job405,4000000,1,0,345600,2713,1609539255,1613475816,1613478529,computeNode1
job503,4000000,1,0,345600,2741,1609544304,1613475816,1613478557,computeNode4
job502,4000000,1,0,345600,2741,1609544303,1613475816,1613478557,computeNode4
job398,4000000,1,0,345600,2751,1609539250,1613475816,1613478567,computeNode1
job473,4000000,1,0,345600,2755,1609544281,1613475816,1613478571,computeNode3
job496,4000000,1,0,345600,2844,1609544297,1613475816,1613478660,computeNode4
job509,4000000,1,0,345600,2846,1609544308,1613475816,1613478662,computeNode4
job403,4000000,1,0,345600,2916,1609539254,1613475816,1613478732,computeNode1
job393,4000000,1,0,345600,2924,1609539247,1613475816,1613478740,computeNode1
job601,10000000,1,0,86400,5,1609547645,1613478740,1613478745,computeNode3
job600,10000000,1,0,86400,5,1609547645,1613478740,1613478745,computeNode3
job598,10000000,1,0,86400,11,1609547645,1613478740,1613478751,computeNode3
job597,10000000,1,0,86400,11,1609547645,1613478740,1613478751,computeNode3
job594,10000000,1,0,86400,11,1609547645,1613478740,1613478751,computeNode4
job593,10000000,1,0,86400,11,1609547645,1613478740,1613478751,computeNode4
job592,10000000,1,0,86400,11,1609547645,1613478740,1613478751,computeNode4
job591,10000000,1,0,86400,11,1609547645,1613478740,1613478751,computeNode3
job595,10000000,1,0,86400,11,1609547645,1613478740,1613478751,computeNode3
job599,10000000,1,0,86400,11,1609547645,1613478740,1613478751,computeNode3
job596,10000000,1,0,86400,12,1609547645,1613478740,1613478752,computeNode4
job584,10000000,1,0,86400,15,1609547645,1613478740,1613478755,computeNode4
job582,10000000,1,0,86400,15,1609547645,1613478740,1613478755,computeNode4
job590,10000000,1,0,86400,15,1609547645,1613478740,1613478755,computeNode4
job587,10000000,1,0,86400,15,1609547645,1613478740,1613478755,computeNode3
job583,10000000,1,0,86400,15,1609547645,1613478740,1613478755,computeNode3
job588,10000000,1,0,86400,16,1609547645,1613478740,1613478756,computeNode4
job586,10000000,1,0,86400,16,1609547645,1613478740,1613478756,computeNode4
job589,10000000,1,0,86400,16,1609547645,1613478740,1613478756,computeNode4
job585,10000000,1,0,86400,16,1609547645,1613478740,1613478756,computeNode4
job431,4000000,1,0,345600,2940,1609539275,1613475816,1613478756,computeNode3
job406,4000000,1,0,345600,2954,1609539256,1613475816,1613478770,computeNode3
job508,4000000,1,0,345600,2962,1609544307,1613475816,1613478778,computeNode4
job435,4000000,1,0,345600,2974,1609539277,1613475816,1613478790,computeNode3
job517,4000000,1,0,345600,2987,1609544314,1613475816,1613478803,computeNode5
job448,4000000,1,0,345600,2996,1609539286,1613475816,1613478812,computeNode3
job483,4000000,1,0,345600,3023,1609544288,1613475816,1613478839,computeNode4
job437,4000000,1,0,345600,3024,1609539279,1613475816,1613478840,computeNode3
job445,4000000,1,0,345600,3035,1609539284,1613475816,1613478851,computeNode3
job479,4000000,1,0,345600,3036,1609544285,1613475816,1613478852,computeNode4
job480,4000000,1,0,345600,3057,1609544286,1613475816,1613478873,computeNode4
job478,4000000,1,0,345600,3060,1609544285,1613475816,1613478876,computeNode4
job438,4000000,1,0,345600,3147,1609539279,1613475816,1613478963,computeNode3
job488,4000000,1,0,345600,3152,1609544292,1613475816,1613478968,computeNode4
job451,4000000,1,0,345600,3153,1609539288,1613475816,1613478969,computeNode3
job401,4000000,1,0,345600,3161,1609539252,1613475816,1613478977,computeNode1
job428,4000000,1,0,345600,3174,1609539273,1613475816,1613478990,computeNode3
job407,4000000,1,0,345600,3175,1609539256,1613475816,1613478991,computeNode3
job402,4000000,1,0,345600,3190,1609539253,1613475816,1613479006,computeNode1
job506,4000000,1,0,345600,3191,1609544306,1613475816,1613479007,computeNode4
job429,4000000,1,0,345600,3193,1609539273,1613475816,1613479009,computeNode3
job424,4000000,1,0,345600,3204,1609539269,1613475816,1613479020,computeNode3
job421,4000000,1,0,345600,3222,1609539267,1613475816,1613479038,computeNode3
job422,4000000,1,0,345600,3230,1609539267,1613475816,1613479046,computeNode3
job416,4000000,1,0,345600,3289,1609539263,1613475816,1613479105,computeNode3
job436,4000000,1,0,345600,3301,1609539278,1613475816,1613479117,computeNode3
job400,4000000,1,0,345600,3353,1609539252,1613475816,1613479169,computeNode1
job456,4000000,1,0,345600,3365,1609539292,1613475816,1613479181,computeNode3
job507,4000000,1,0,345600,3365,1609544307,1613475816,1613479181,computeNode4
job486,4000000,1,0,345600,3409,1609544290,1613475816,1613479225,computeNode4
job440,4000000,1,0,345600,3460,1609539281,1613475816,1613479276,computeNode3
job498,4000000,1,0,345600,3480,1609544299,1613475816,1613479296,computeNode4
job457,4000000,1,0,345600,3500,1609539293,1613475816,1613479316,computeNode3
job411,4000000,1,0,345600,3503,1609539259,1613475816,1613479319,computeNode3
job494,4000000,1,0,345600,3537,1609544296,1613475816,1613479353,computeNode4
job516,4000000,1,0,345600,3543,1609544313,1613475816,1613479359,computeNode5
job419,4000000,1,0,345600,3626,1609539265,1613475816,1613479442,computeNode3
job454,4000000,1,0,345600,3634,1609539291,1613475816,1613479450,computeNode3
job514,4000000,1,0,345600,3635,1609544312,1613475816,1613479451,computeNode5
job495,4000000,1,0,345600,3675,1609544296,1613475816,1613479491,computeNode4
job475,4000000,1,0,345600,3690,1609544283,1613475816,1613479506,computeNode4
job433,4000000,1,0,345600,3733,1609539276,1613475816,1613479549,computeNode3
job481,4000000,1,0,345600,3741,1609544287,1613475816,1613479557,computeNode4
job482,4000000,1,0,345600,3756,1609544288,1613475816,1613479572,computeNode4
job450,4000000,1,0,345600,3784,1609539288,1613475816,1613479600,computeNode3
job404,4000000,1,0,345600,3784,1609539254,1613475816,1613479600,computeNode1
job505,4000000,1,0,345600,3820,1609544305,1613475816,1613479636,computeNode4
job423,4000000,1,0,345600,3828,1609539268,1613475816,1613479644,computeNode3
job418,4000000,1,0,345600,3942,1609539264,1613475816,1613479758,computeNode3
job637,10000000,1,0,86400,5,1609547838,1613479758,1613479763,computeNode5
job645,10000000,1,0,86400,5,1609547838,1613479758,1613479763,computeNode5
job644,10000000,1,0,86400,5,1609547838,1613479758,1613479763,computeNode5
job638,10000000,1,0,86400,5,1609547838,1613479758,1613479763,bigMemNode1
job636,10000000,1,0,86400,5,1609547838,1613479758,1613479763,bigMemNode1
job643,10000000,1,0,86400,5,1609547838,1613479758,1613479763,computeNode5
job642,10000000,1,0,86400,5,1609547838,1613479758,1613479763,computeNode5
job640,10000000,1,0,86400,5,1609547838,1613479758,1613479763,computeNode5
job639,10000000,1,0,86400,5,1609547838,1613479758,1613479763,bigMemNode1
job641,10000000,1,0,86400,5,1609547838,1613479758,1613479763,computeNode5
job629,10000000,1,0,86400,6,1609547838,1613479758,1613479764,computeNode5
job678,10000000,1,0,86400,6,1609547935,1613479758,1613479764,bigMemNode2
job677,10000000,1,0,86400,6,1609547935,1613479758,1613479764,bigMemNode2
job683,10000000,1,0,86400,6,1609547935,1613479758,1613479764,bigMemNode2
job682,10000000,1,0,86400,6,1609547935,1613479758,1613479764,bigMemNode2
job680,10000000,1,0,86400,6,1609547935,1613479758,1613479764,bigMemNode2
job681,10000000,1,0,86400,6,1609547935,1613479758,1613479764,bigMemNode2
job627,10000000,1,0,86400,6,1609547838,1613479758,1613479764,bigMemNode1
job626,10000000,1,0,86400,6,1609547838,1613479758,1613479764,bigMemNode1
job632,10000000,1,0,86400,6,1609547838,1613479758,1613479764,bigMemNode1
job630,10000000,1,0,86400,6,1609547838,1613479758,1613479764,bigMemNode1
job628,10000000,1,0,86400,6,1609547838,1613479758,1613479764,bigMemNode1
job631,10000000,1,0,86400,6,1609547838,1613479758,1613479764,bigMemNode1
job635,10000000,1,0,86400,6,1609547838,1613479758,1613479764,bigMemNode1
job634,10000000,1,0,86400,6,1609547838,1613479758,1613479764,bigMemNode1
job633,10000000,1,0,86400,6,1609547838,1613479758,1613479764,computeNode5
job666,10000000,1,0,86400,7,1609547935,1613479758,1613479765,gpuNode1
job702,10000000,1,0,86400,7,1609547974,1613479758,1613479765,gpuNode1
job701,10000000,1,0,86400,7,1609547974,1613479758,1613479765,gpuNode1
job674,10000000,1,0,86400,7,1609547935,1613479758,1613479765,bigMemNode2
job671,10000000,1,0,86400,7,1609547935,1613479758,1613479765,bigMemNode2
job670,10000000,1,0,86400,7,1609547935,1613479758,1613479765,bigMemNode2
job673,10000000,1,0,86400,7,1609547935,1613479758,1613479765,bigMemNode2
job668,10000000,1,0,86400,7,1609547935,1613479758,1613479765,gpuNode1
job700,10000000,1,0,86400,7,1609547974,1613479758,1613479765,gpuNode1
job662,10000000,1,0,86400,8,1609547901,1613479758,1613479766,bigMemNode1
job660,10000000,1,0,86400,8,1609547901,1613479758,1613479766,bigMemNode1
job661,10000000,1,0,86400,8,1609547901,1613479758,1613479766,bigMemNode1
job653,10000000,1,0,86400,8,1609547901,1613479758,1613479766,bigMemNode1
job620,10000000,1,0,86400,9,1609547772,1613479758,1613479767,computeNode5
job621,10000000,1,0,86400,9,1609547772,1613479758,1613479767,computeNode1
job679,10000000,1,0,86400,9,1609547935,1613479758,1613479767,bigMemNode2
job652,10000000,1,0,86400,9,1609547901,1613479758,1613479767,bigMemNode2
job648,10000000,1,0,86400,9,1609547901,1613479758,1613479767,bigMemNode2
job647,10000000,1,0,86400,9,1609547901,1613479758,1613479767,bigMemNode2
job649,10000000,1,0,86400,9,1609547901,1613479758,1613479767,bigMemNode1
job676,10000000,1,0,86400,10,1609547935,1613479758,1613479768,bigMemNode2
job685,10000000,1,0,86400,10,1609547935,1613479758,1613479768,bigMemNode2
job684,10000000,1,0,86400,10,1609547935,1613479758,1613479768,bigMemNode2
job622,10000000,1,0,86400,10,1609547772,1613479758,1613479768,computeNode4
job651,10000000,1,0,86400,10,1609547901,1613479758,1613479768,bigMemNode2
job650,10000000,1,0,86400,10,1609547901,1613479758,1613479768,bigMemNode2
job667,10000000,1,0,86400,11,1609547935,1613479758,1613479769,gpuNode1
job672,10000000,1,0,86400,11,1609547935,1613479758,1613479769,bigMemNode2
job669,10000000,1,0,86400,11,1609547935,1613479758,1613479769,bigMemNode2
job646,10000000,1,0,86400,11,1609547901,1613479758,1613479769,bigMemNode2
job658,10000000,1,0,86400,11,1609547901,1613479758,1613479769,bigMemNode1
job656,10000000,1,0,86400,11,1609547901,1613479758,1613479769,bigMemNode1
job663,10000000,1,0,86400,11,1609547901,1613479758,1613479769,bigMemNode1
job659,10000000,1,0,86400,11,1609547901,1613479758,1613479769,bigMemNode1
job665,10000000,1,0,86400,11,1609547901,1613479758,1613479769,bigMemNode1
job664,10000000,1,0,86400,11,1609547901,1613479758,1613479769,bigMemNode1
job657,10000000,1,0,86400,11,1609547901,1613479758,1613479769,bigMemNode1
job675,10000000,1,0,86400,11,1609547935,1613479758,1613479769,bigMemNode2
job655,10000000,1,0,86400,12,1609547901,1613479758,1613479770,bigMemNode1
job654,10000000,1,0,86400,12,1609547901,1613479758,1613479770,bigMemNode2
job705,10000000,1,0,86400,14,1609547974,1613479758,1613479772,gpuNode1
job617,10000000,1,0,86400,14,1609547772,1613479758,1613479772,computeNode5
job618,10000000,1,0,86400,14,1609547772,1613479758,1613479772,computeNode5
job619,10000000,1,0,86400,14,1609547772,1613479758,1613479772,computeNode5
job623,10000000,1,0,86400,14,1609547772,1613479758,1613479772,computeNode4
job624,10000000,1,0,86400,14,1609547772,1613479758,1613479772,computeNode4
job704,10000000,1,0,86400,14,1609547974,1613479758,1613479772,gpuNode1
job625,10000000,1,0,86400,14,1609547772,1613479758,1613479772,computeNode1
job698,10000000,1,0,86400,14,1609547974,1613479758,1613479772,gpuNode1
job699,10000000,1,0,86400,14,1609547974,1613479758,1613479772,gpuNode1
job693,10000000,1,0,86400,15,1609547974,1613479758,1613479773,gpuNode1
job615,10000000,1,0,86400,15,1609547772,1613479758,1613479773,computeNode5
job616,10000000,1,0,86400,15,1609547772,1613479758,1613479773,computeNode5
job694,10000000,1,0,86400,14,1609547974,1613479763,1613479777,bigMemNode1
job690,10000000,1,0,86400,14,1609547974,1613479763,1613479777,computeNode5
job611,10000000,1,0,86400,19,1609547772,1613479758,1613479777,computeNode5
job614,10000000,1,0,86400,19,1609547772,1613479758,1613479777,computeNode5
job703,10000000,1,0,86400,14,1609547974,1613479763,1613479777,bigMemNode1
job697,10000000,1,0,86400,14,1609547974,1613479763,1613479777,bigMemNode1
job613,10000000,1,0,86400,19,1609547772,1613479758,1613479777,computeNode1
job606,10000000,1,0,86400,19,1609547772,1613479758,1613479777,computeNode5
job696,10000000,1,0,86400,14,1609547974,1613479763,1613479777,computeNode5
job608,10000000,1,0,86400,19,1609547772,1613479758,1613479777,computeNode5
job607,10000000,1,0,86400,19,1609547772,1613479758,1613479777,computeNode5
job612,10000000,1,0,86400,19,1609547772,1613479758,1613479777,computeNode5
job610,10000000,1,0,86400,19,1609547772,1613479758,1613479777,computeNode5
job691,10000000,1,0,86400,15,1609547974,1613479763,1613479778,computeNode5
job609,10000000,1,0,86400,20,1609547772,1613479758,1613479778,computeNode1
job689,10000000,1,0,86400,15,1609547974,1613479763,1613479778,computeNode5
job686,10000000,1,0,86400,15,1609547974,1613479763,1613479778,computeNode5
job692,10000000,1,0,86400,15,1609547974,1613479763,1613479778,computeNode5
job688,10000000,1,0,86400,15,1609547974,1613479763,1613479778,computeNode5
job695,10000000,1,0,86400,15,1609547974,1613479764,1613479779,computeNode5
job687,10000000,1,0,86400,15,1609547974,1613479764,1613479779,computeNode5
job399,4000000,1,0,345600,3963,1609539251,1613475816,1613479779,computeNode1
job706,64000000,16,0,345600,39,1609548218,1613479768,1613479807,bigMemNode2
job392,4000000,1,0,345600,4010,1609539246,1613475816,1613479826,computeNode1
job427,4000000,1,0,345600,4057,1609539271,1613475816,1613479873,computeNode3
job446,4000000,1,0,345600,4099,1609539285,1613475816,1613479915,computeNode3
job492,4000000,1,0,345600,4110,1609544294,1613475816,1613479926,computeNode4
job397,4000000,1,0,345600,4122,1609539250,1613475816,1613479938,computeNode1
job396,4000000,1,0,345600,4133,1609539249,1613475816,1613479949,computeNode1
job394,4000000,1,0,345600,4165,1609539248,1613475816,1613479981,computeNode1
job449,4000000,1,0,345600,4195,1609539287,1613475816,1613480011,computeNode3
job490,4000000,1,0,345600,4290,1609544293,1613475816,1613480106,computeNode4
job497,4000000,1,0,345600,4298,1609544298,1613475816,1613480114,computeNode4
job444,4000000,1,0,345600,4307,1609539283,1613475816,1613480123,computeNode3
job453,4000000,1,0,345600,4365,1609539290,1613475816,1613480181,computeNode3
job430,4000000,1,0,345600,4389,1609539274,1613475816,1613480205,computeNode3
job443,4000000,1,0,345600,4524,1609539283,1613475816,1613480340,computeNode3
job491,4000000,1,0,345600,4563,1609544294,1613475816,1613480379,computeNode4
job511,4000000,1,0,345600,4685,1609544310,1613475816,1613480501,computeNode4
job395,4000000,1,0,345600,4873,1609539248,1613475816,1613480689,computeNode1
job489,4000000,1,0,345600,4899,1609544292,1613475816,1613480715,computeNode4
job434,4000000,1,0,345600,4948,1609539277,1613475816,1613480764,computeNode3
job452,4000000,1,0,345600,4948,1609539289,1613475816,1613480764,computeNode3
job442,4000000,1,0,345600,4948,1609539282,1613475816,1613480764,computeNode3
job417,4000000,1,0,345600,4980,1609539264,1613475816,1613480796,computeNode3
job425,4000000,1,0,345600,4980,1609539269,1613475816,1613480796,computeNode3
job413,4000000,1,0,345600,4990,1609539261,1613475816,1613480806,computeNode3
job412,4000000,1,0,345600,4990,1609539260,1613475816,1613480806,computeNode3
job493,4000000,1,0,345600,5246,1609544295,1613475816,1613481062,computeNode4
job711,4000000,1,0,345600,1305,1609549322,1613479769,1613481074,computeNode5
job758,4000000,1,0,345600,1470,1609549354,1613479777,1613481247,computeNode5
job485,4000000,1,0,345600,5435,1609544290,1613475816,1613481251,computeNode4
job723,4000000,1,0,345600,1631,1609549329,1613479769,1613481400,bigMemNode2
job512,4000000,1,0,345600,5589,1609544310,1613475816,1613481405,computeNode4
job727,4000000,1,0,345600,1762,1609549332,1613479769,1613481531,gpuNode1
job716,4000000,1,0,345600,1794,1609549325,1613479769,1613481563,bigMemNode1
job499,4000000,1,0,345600,5755,1609544301,1613475816,1613481571,computeNode4
job720,4000000,1,0,345600,1873,1609549327,1613479769,1613481642,bigMemNode2
job742,4000000,1,0,345600,1874,1609549342,1613479772,1613481646,computeNode5
job504,4000000,1,0,345600,5852,1609544305,1613475816,1613481668,computeNode4
job734,4000000,1,0,345600,1899,1609549337,1613479772,1613481671,computeNode4
job760,4000000,1,0,345600,1916,1609549356,1613479777,1613481693,computeNode5
job753,4000000,1,0,345600,1917,1609549350,1613479777,1613481694,computeNode1
job739,4000000,1,0,345600,1923,1609549340,1613479772,1613481695,computeNode5
job725,4000000,1,0,345600,1988,1609549331,1613479769,1613481757,gpuNode1
job748,4000000,1,0,345600,2011,1609549347,1613479773,1613481784,computeNode5
job374,10000000,1,2,21960,9836,1609532271,1613471959,1613481795,gpuNode1
job741,4000000,1,0,345600,2107,1609549342,1613479772,1613481879,computeNode5
job730,4000000,1,0,345600,2141,1609549334,1613479770,1613481911,bigMemNode1
job728,4000000,1,0,345600,2193,1609549332,1613479769,1613481962,gpuNode1
job754,4000000,1,0,345600,2202,1609549351,1613479777,1613481979,computeNode5
job732,4000000,1,0,345600,2221,1609549335,1613479772,1613481993,computeNode1
job718,4000000,1,0,345600,2305,1609549326,1613479769,1613482074,bigMemNode2
job750,4000000,1,0,345600,2389,1609549348,1613479773,1613482162,computeNode5
job759,4000000,1,0,345600,2516,1609549355,1613479777,1613482293,computeNode5
job708,4000000,1,0,345600,2543,1609549319,1613479769,1613482312,computeNode1
job756,4000000,1,0,345600,2542,1609549352,1613479777,1613482319,computeNode5
job747,4000000,1,0,345600,2575,1609549346,1613479773,1613482348,computeNode5
job738,4000000,1,0,345600,2600,1609549340,1613479772,1613482372,computeNode5
job709,4000000,1,0,345600,2610,1609549320,1613479769,1613482379,computeNode4
job715,4000000,1,0,345600,2636,1609549324,1613479769,1613482405,bigMemNode1
job726,4000000,1,0,345600,2813,1609549331,1613479769,1613482582,gpuNode1
job745,4000000,1,0,345600,2845,1609549344,1613479772,1613482617,gpuNode1
job719,4000000,1,0,345600,2969,1609549327,1613479769,1613482738,bigMemNode2
job373,10000000,1,2,21960,9892,1609532271,1613472898,1613482790,gpuNode1
job389,32000000,4,0,86400,7004,1609536623,1613475816,1613482820,computeNode1
job717,4000000,1,0,345600,3083,1609549325,1613479769,1613482852,bigMemNode2
job743,4000000,1,0,345600,3102,1609549343,1613479772,1613482874,gpuNode1
job744,4000000,1,0,345600,3145,1609549344,1613479772,1613482917,gpuNode1
job724,4000000,1,0,345600,3173,1609549330,1613479769,1613482942,gpuNode1
job737,4000000,1,0,345600,3240,1609549339,1613479772,1613483012,computeNode5
job761,4000000,1,0,345600,3290,1609549357,1613479777,1613483067,computeNode5
job751,4000000,1,0,345600,3440,1609549349,1613479773,1613483213,computeNode5
job713,4000000,1,0,345600,3495,1609549323,1613479769,1613483264,bigMemNode1
job752,4000000,1,0,345600,3499,1609549349,1613479773,1613483272,gpuNode1
job740,4000000,1,0,345600,3521,1609549341,1613479772,1613483293,computeNode5
job729,4000000,1,0,345600,3609,1609549333,1613479769,1613483378,gpuNode1
job736,4000000,1,0,345600,3733,1609549338,1613479772,1613483505,computeNode5
job746,4000000,1,0,345600,3831,1609549345,1613479772,1613483603,gpuNode1
job735,4000000,1,0,345600,3853,1609549338,1613479772,1613483625,computeNode5
job722,4000000,1,0,345600,3911,1609549329,1613479769,1613483680,bigMemNode2
job749,4000000,1,0,345600,3922,1609549347,1613479773,1613483695,computeNode5
job712,4000000,1,0,345600,4137,1609549322,1613479769,1613483906,computeNode5
job710,4000000,1,0,345600,4167,1609549321,1613479769,1613483936,computeNode5
job755,4000000,1,0,345600,4255,1609549351,1613479777,1613484032,computeNode5
job757,4000000,1,0,345600,4577,1609549354,1613479777,1613484354,computeNode5
job721,4000000,1,0,345600,4596,1609549328,1613479769,1613484365,bigMemNode2
job733,4000000,1,0,345600,4594,1609549336,1613479772,1613484366,computeNode4
job731,4000000,1,0,345600,5125,1609549335,1613479770,1613484895,bigMemNode2
job714,4000000,1,0,345600,5254,1609549324,1613479769,1613485023,bigMemNode1
job762,96000000,4,0,86400,5808,1609550016,1613479778,1613485586,computeNode5
job269,32000000,32,0,216000,149374,1609476452,1613337803,1613487177,computeNode5
job372,10000000,1,2,21960,12138,1609532271,1613475816,1613487954,gpuNode1
job602,50000000,50,0,85800,14067,1609547662,1613479506,1613493573,computeNode4
job578,50000000,50,0,85800,22503,1609547638,1613475816,1613498319,gpuNode1
job580,50000000,50,0,85800,24405,1609547640,1613478740,1613503145,computeNode1
job800,4000000,1,0,28800,3,1609554105,1613503145,1613503148,computeNode4
job778,1000000,1,0,84600,4,1609550846,1613503145,1613503149,computeNode4
job777,1000000,1,0,84600,6,1609550846,1613503145,1613503151,computeNode1
job786,1000000,1,0,84600,6,1609550846,1613503145,1613503151,computeNode3
job787,1000000,1,0,84600,7,1609550846,1613503145,1613503152,computeNode3
job795,1000000,1,0,84600,8,1609550846,1613503145,1613503153,computeNode3
job797,1000000,1,0,84600,9,1609550846,1613503145,1613503154,computeNode1
job779,1000000,1,0,84600,10,1609550846,1613503145,1613503155,computeNode1
job780,1000000,1,0,84600,11,1609550846,1613503145,1613503156,computeNode3
job793,1000000,1,0,84600,11,1609550846,1613503145,1613503156,computeNode1
job783,1000000,1,0,84600,12,1609550846,1613503145,1613503157,computeNode1
job791,1000000,1,0,84600,13,1609550846,1613503145,1613503158,computeNode1
job785,1000000,1,0,84600,14,1609550846,1613503145,1613503159,computeNode1
job782,1000000,1,0,84600,14,1609550846,1613503145,1613503159,computeNode3
job792,1000000,1,0,84600,16,1609550846,1613503145,1613503161,computeNode1
job790,1000000,1,0,84600,25,1609550846,1613503145,1613503170,computeNode3
job773,1000000,1,0,84600,25,1609550846,1613503145,1613503170,computeNode1
job798,1000000,1,0,84600,41,1609550846,1613503145,1613503186,computeNode3
job784,1000000,1,0,84600,54,1609550846,1613503145,1613503199,computeNode1
job771,1000000,1,0,84600,67,1609550846,1613503145,1613503212,computeNode1
job788,1000000,1,0,84600,73,1609550846,1613503145,1613503218,computeNode3
job781,1000000,1,0,84600,75,1609550846,1613503145,1613503220,computeNode1
job775,1000000,1,0,84600,106,1609550846,1613503145,1613503251,computeNode3
job794,1000000,1,0,84600,117,1609550846,1613503145,1613503262,computeNode3
job789,1000000,1,0,84600,134,1609550846,1613503145,1613503279,computeNode1
job805,4000000,1,0,90000,137,1609555028,1613503145,1613503282,computeNode4
job772,1000000,1,0,84600,262,1609550846,1613503145,1613503407,computeNode3
job774,1000000,1,0,84600,463,1609550846,1613503145,1613503608,computeNode3
job776,1000000,1,0,84600,739,1609550846,1613503145,1613503884,computeNode3
job869,4000000,1,0,345600,1863,1609556334,1613503156,1613505019,computeNode3
job604,50000000,50,0,85800,25941,1609547668,1613479758,1613505699,computeNode3
job877,72000000,24,0,86400,1,1609556773,1613505699,1613505700,computeNode3
job874,4000000,1,0,345600,2906,1609556338,1613503161,1613506067,computeNode1
job866,4000000,1,0,345600,2966,1609556329,1613503154,1613506120,computeNode1
job873,4000000,1,0,345600,3010,1609556337,1613503159,1613506169,computeNode1
job843,4000000,1,0,345600,3195,1609556309,1613503145,1613506340,bigMemNode2
job851,4000000,1,0,345600,3364,1609556316,1613503145,1613506509,gpuNode1
job858,4000000,1,0,345600,3483,1609556322,1613503145,1613506628,gpuNode1
job818,4000000,1,0,345600,3503,1609556290,1613503145,1613506648,computeNode4
job825,4000000,1,0,345600,3665,1609556296,1613503145,1613506810,bigMemNode2
job859,4000000,1,0,345600,3721,1609556323,1613503145,1613506866,gpuNode1
job829,4000000,1,0,345600,3722,1609556299,1613503145,1613506867,bigMemNode2
job876,4000000,1,0,345600,3749,1609556340,1613503170,1613506919,computeNode3
job849,4000000,1,0,345600,3795,1609556314,1613503145,1613506940,gpuNode1
job833,4000000,1,0,345600,3806,1609556302,1613503145,1613506951,bigMemNode2
job827,4000000,1,0,345600,3823,1609556297,1613503145,1613506968,bigMemNode2
job840,4000000,1,0,345600,3873,1609556307,1613503145,1613507018,bigMemNode2
job837,4000000,1,0,345600,3888,1609556305,1613503145,1613507033,bigMemNode2
job821,4000000,1,0,345600,3962,1609556293,1613503145,1613507107,bigMemNode1
job847,4000000,1,0,345600,3988,1609556313,1613503145,1613507133,gpuNode1
job841,4000000,1,0,345600,3991,1609556308,1613503145,1613507136,bigMemNode2
job830,4000000,1,0,345600,4010,1609556300,1613503145,1613507155,bigMemNode2
job861,4000000,1,0,345600,4157,1609556325,1613503149,1613507306,computeNode4
job824,4000000,1,0,345600,4218,1609556295,1613503145,1613507363,bigMemNode2
job836,4000000,1,0,345600,4285,1609556304,1613503145,1613507430,bigMemNode2
job796,1000000,1,0,84600,4336,1609550846,1613503145,1613507481,computeNode3
job865,4000000,1,0,345600,4376,1609556328,1613503153,1613507529,computeNode3
job834,4000000,1,0,345600,4452,1609556303,1613503145,1613507597,bigMemNode2
job845,4000000,1,0,345600,4500,1609556311,1613503145,1613507645,bigMemNode2
job868,4000000,1,0,345600,4550,1609556332,1613503155,1613507705,computeNode1
job856,4000000,1,0,345600,4607,1609556321,1613503145,1613507752,gpuNode1
job864,4000000,1,0,345600,4748,1609556327,1613503152,1613507900,computeNode3
job855,4000000,1,0,345600,5106,1609556320,1613503145,1613508251,gpuNode1
job875,4000000,1,0,345600,5092,1609556339,1613503170,1613508262,computeNode1
job862,4000000,1,0,345600,5116,1609556326,1613503151,1613508267,computeNode1
job860,4000000,1,0,345600,5240,1609556324,1613503148,1613508388,computeNode4
job871,4000000,1,0,345600,5246,1609556336,1613503158,1613508404,computeNode1
job870,4000000,1,0,345600,5421,1609556335,1613503157,1613508578,computeNode1
job823,4000000,1,0,345600,5537,1609556295,1613503145,1613508682,bigMemNode2
job826,4000000,1,0,345600,5567,1609556297,1613503145,1613508712,bigMemNode2
job844,4000000,1,0,345600,5774,1609556310,1613503145,1613508919,bigMemNode2
job839,4000000,1,0,345600,5845,1609556306,1613503145,1613508990,bigMemNode2
job857,4000000,1,0,345600,5867,1609556322,1613503145,1613509012,gpuNode1
job828,4000000,1,0,345600,5916,1609556298,1613503145,1613509061,bigMemNode2
job872,4000000,1,0,345600,6287,1609556337,1613503159,1613509446,computeNode3
job838,4000000,1,0,345600,6401,1609556306,1613503145,1613509546,bigMemNode2
job848,4000000,1,0,345600,6402,1609556313,1613503145,1613509547,gpuNode1
job822,4000000,1,0,345600,6440,1609556294,1613503145,1613509585,bigMemNode2
job832,4000000,1,0,345600,6545,1609556301,1613503145,1613509690,bigMemNode2
job854,4000000,1,0,345600,6651,1609556319,1613503145,1613509796,gpuNode1
job835,4000000,1,0,345600,7212,1609556304,1613503145,1613510357,bigMemNode2
job853,4000000,1,0,345600,7447,1609556318,1613503145,1613510592,gpuNode1
job867,4000000,1,0,345600,7457,1609556332,1613503156,1613510613,computeNode1
job846,4000000,1,0,345600,7495,1609556312,1613503145,1613510640,gpuNode1
job819,4000000,1,0,345600,7608,1609556291,1613503145,1613510753,computeNode5
job852,4000000,1,0,345600,7791,1609556317,1613503145,1613510936,gpuNode1
job850,4000000,1,0,345600,8471,1609556315,1613503145,1613511616,gpuNode1
job831,4000000,1,0,345600,9919,1609556301,1613503145,1613513064,bigMemNode2
job799,1000000,1,0,84600,10090,1609550846,1613503145,1613513235,computeNode1
job863,4000000,1,0,345600,10313,1609556327,1613503151,1613513464,computeNode3
job842,4000000,1,0,345600,10901,1609556309,1613503145,1613514046,bigMemNode2
job814,100000000,1,0,259200,11407,1609556153,1613503145,1613514552,computeNode5
job812,100000000,1,0,259200,11863,1609556153,1613503145,1613515008,computeNode5
job820,4000000,1,0,345600,12224,1609556292,1613503145,1613515369,bigMemNode1
job809,100000000,1,0,259200,13108,1609556152,1613503145,1613516253,computeNode4
job807,50000000,4,0,72000,15602,1609555752,1613503145,1613518747,computeNode4
job817,100000000,1,0,259200,15971,1609556153,1613503145,1613519116,bigMemNode1
job810,100000000,1,0,259200,17431,1609556153,1613503145,1613520576,bigMemNode1
job811,100000000,1,0,259200,19212,1609556153,1613503145,1613522357,bigMemNode1
job813,100000000,1,0,259200,20610,1609556153,1613503145,1613523755,bigMemNode1
job815,100000000,1,0,259200,20734,1609556153,1613503145,1613523879,bigMemNode1
job765,50000000,50,0,85800,33396,1609550221,1613493573,1613526969,computeNode4
job767,50000000,50,0,85800,29636,1609550352,1613498319,1613527955,gpuNode1
job951,32000000,32,0,82800,195,1609557335,1613527955,1613528150,gpuNode1
job950,32000000,32,0,82800,198,1609557335,1613527955,1613528153,gpuNode1
job902,4000000,1,0,345600,1480,1609557010,1613526969,1613528449,computeNode3
job894,4000000,1,0,345600,1495,1609557003,1613526969,1613528464,computeNode1
job891,4000000,1,0,345600,1743,1609557001,1613526969,1613528712,computeNode1
job933,4000000,1,0,345600,1813,1609557036,1613526969,1613528782,computeNode5
job946,4000000,1,0,345600,1823,1609557048,1613526969,1613528792,bigMemNode1
job926,4000000,1,0,345600,1831,1609557030,1613526969,1613528800,computeNode4
job882,4000000,1,0,345600,1832,1609556993,1613526969,1613528801,computeNode1
job884,4000000,1,0,345600,1841,1609556995,1613526969,1613528810,computeNode1
job919,4000000,1,0,345600,1859,1609557025,1613526969,1613528828,computeNode4
job910,4000000,1,0,345600,1887,1609557017,1613526969,1613528856,computeNode4
job927,4000000,1,0,345600,1888,1609557031,1613526969,1613528857,computeNode4
job934,4000000,1,0,345600,1896,1609557037,1613526969,1613528865,computeNode5
job887,4000000,1,0,345600,1982,1609556998,1613526969,1613528951,computeNode1
job918,4000000,1,0,345600,2057,1609557024,1613526969,1613529026,computeNode4
job924,4000000,1,0,345600,2059,1609557029,1613526969,1613529028,computeNode4
job911,4000000,1,0,345600,2065,1609557018,1613526969,1613529034,computeNode4
job892,4000000,1,0,345600,2074,1609557002,1613526969,1613529043,computeNode1
job931,4000000,1,0,345600,2087,1609557034,1613526969,1613529056,computeNode5
job895,4000000,1,0,345600,2128,1609557004,1613526969,1613529097,computeNode1
job899,4000000,1,0,345600,2169,1609557008,1613526969,1613529138,computeNode3
job901,4000000,1,0,345600,2229,1609557009,1613526969,1613529198,computeNode3
job930,4000000,1,0,345600,2240,1609557033,1613526969,1613529209,computeNode4
job935,4000000,1,0,345600,2287,1609557038,1613526969,1613529256,computeNode5
job905,4000000,1,0,345600,2301,1609557012,1613526969,1613529270,computeNode4
job944,4000000,1,0,345600,2321,1609557046,1613526969,1613529290,computeNode5
job913,4000000,1,0,345600,2403,1609557020,1613526969,1613529372,computeNode4
job925,4000000,1,0,345600,2494,1609557029,1613526969,1613529463,computeNode4
job929,4000000,1,0,345600,2495,1609557032,1613526969,1613529464,computeNode4
job917,4000000,1,0,345600,2525,1609557023,1613526969,1613529494,computeNode4
job885,4000000,1,0,345600,2526,1609556996,1613526969,1613529495,computeNode1
job896,4000000,1,0,345600,2535,1609557006,1613526969,1613529504,computeNode3
job907,4000000,1,0,345600,2574,1609557014,1613526969,1613529543,computeNode4
job906,4000000,1,0,345600,2607,1609557013,1613526969,1613529576,computeNode4
job937,4000000,1,0,345600,2629,1609557040,1613526969,1613529598,computeNode5
job939,4000000,1,0,345600,2656,1609557042,1613526969,1613529625,computeNode5
job900,4000000,1,0,345600,2679,1609557009,1613526969,1613529648,computeNode3
job912,4000000,1,0,345600,2713,1609557019,1613526969,1613529682,computeNode4
job802,4000000,1,0,28800,26540,1609554244,1613503145,1613529685,computeNode4
job920,4000000,1,0,345600,2725,1609557025,1613526969,1613529694,computeNode4
job916,4000000,1,0,345600,2738,1609557022,1613526969,1613529707,computeNode4
job908,4000000,1,0,345600,2786,1609557015,1613526969,1613529755,computeNode4
job801,4000000,1,0,28800,26618,1609554195,1613503145,1613529763,computeNode4
job883,4000000,1,0,345600,2849,1609556995,1613526969,1613529818,computeNode1
job889,4000000,1,0,345600,2956,1609556999,1613526969,1613529925,computeNode1
job945,4000000,1,0,345600,2959,1609557047,1613526969,1613529928,bigMemNode1
job898,4000000,1,0,345600,2989,1609557007,1613526969,1613529958,computeNode3
job921,4000000,1,0,345600,3067,1609557026,1613526969,1613530036,computeNode4
job893,4000000,1,0,345600,3072,1609557002,1613526969,1613530041,computeNode1
job897,4000000,1,0,345600,3145,1609557006,1613526969,1613530114,computeNode3
job928,4000000,1,0,345600,3157,1609557032,1613526969,1613530126,computeNode4
job948,4000000,1,0,345600,3173,1609557050,1613526969,1613530142,bigMemNode1
job915,4000000,1,0,345600,3219,1609557021,1613526969,1613530188,computeNode4
job923,4000000,1,0,345600,3269,1609557028,1613526969,1613530238,computeNode4
job914,4000000,1,0,345600,3282,1609557021,1613526969,1613530251,computeNode4
job886,4000000,1,0,345600,3303,1609556997,1613526969,1613530272,computeNode1
job922,4000000,1,0,345600,3327,1609557027,1613526969,1613530296,computeNode4
job890,4000000,1,0,345600,3327,1609557000,1613526969,1613530296,computeNode1
job941,4000000,1,0,345600,3353,1609557043,1613526969,1613530322,computeNode5
job947,4000000,1,0,345600,3391,1609557049,1613526969,1613530360,bigMemNode1
job909,4000000,1,0,345600,3397,1609557016,1613526969,1613530366,computeNode4
job932,4000000,1,0,345600,3397,1609557035,1613526969,1613530366,computeNode5
job938,4000000,1,0,345600,3427,1609557041,1613526969,1613530396,computeNode5
job904,4000000,1,0,345600,3458,1609557011,1613526969,1613530427,computeNode4
job903,4000000,1,0,345600,3545,1609557011,1613526969,1613530514,computeNode3
job943,4000000,1,0,345600,3708,1609557045,1613526969,1613530677,computeNode5
job949,4000000,1,0,345600,3730,1609557205,1613526969,1613530699,bigMemNode1
job958,4000000,1,0,345600,2814,1609560383,1613528150,1613530964,gpuNode1
job964,4000000,1,0,345600,2842,1609560388,1613528150,1613530992,gpuNode1
job984,4000000,1,0,345600,2861,1609560404,1613528150,1613531011,gpuNode1
job962,4000000,1,0,345600,3034,1609560386,1613528150,1613531184,gpuNode1
job955,4000000,1,0,345600,3109,1609560381,1613528150,1613531259,gpuNode1
job936,4000000,1,0,345600,4313,1609557039,1613526969,1613531282,computeNode5
job982,4000000,1,0,345600,3212,1609560403,1613528150,1613531362,gpuNode1
job967,4000000,1,0,345600,3232,1609560390,1613528150,1613531382,gpuNode1
job965,4000000,1,0,345600,3329,1609560388,1613528150,1613531479,gpuNode1
job993,4000000,1,0,345600,3385,1609560412,1613528153,1613531538,gpuNode1
job996,4000000,1,0,345600,3464,1609560414,1613528153,1613531617,gpuNode1
job963,4000000,1,0,345600,3497,1609560387,1613528150,1613531647,gpuNode1
job969,4000000,1,0,345600,3538,1609560391,1613528150,1613531688,gpuNode1
job888,4000000,1,0,345600,4852,1609556998,1613526969,1613531821,computeNode1
job942,4000000,1,0,345600,4875,1609557044,1613526969,1613531844,computeNode5
job954,4000000,1,0,345600,3711,1609560380,1613528150,1613531861,gpuNode1
job940,4000000,1,0,345600,4957,1609557042,1613526969,1613531926,computeNode5
job803,4000000,1,0,28800,28818,1609554307,1613503145,1613531945,computeNode4
job804,4000000,1,0,28800,28805,1609554381,1613503145,1613531945,computeNode4
job978,4000000,1,0,345600,3850,1609560399,1613528150,1613532000,gpuNode1
job972,4000000,1,0,345600,3893,1609560394,1613528150,1613532043,gpuNode1
job956,4000000,1,0,345600,3913,1609560381,1613528150,1613532063,gpuNode1
job980,4000000,1,0,345600,3931,1609560401,1613528150,1613532081,gpuNode1
job989,4000000,1,0,345600,4006,1609560408,1613528153,1613532159,gpuNode1
job987,4000000,1,0,345600,4013,1609560407,1613528153,1613532166,gpuNode1
job976,4000000,1,0,345600,4155,1609560398,1613528150,1613532305,gpuNode1
job961,4000000,1,0,345600,4205,1609560385,1613528150,1613532355,gpuNode1
job953,4000000,1,0,345600,4516,1609560379,1613527955,1613532471,bigMemNode1
job971,4000000,1,0,345600,4428,1609560393,1613528150,1613532578,gpuNode1
job986,4000000,1,0,345600,4499,1609560406,1613528153,1613532652,gpuNode1
job992,4000000,1,0,345600,4576,1609560411,1613528153,1613532729,gpuNode1
job994,4000000,1,0,345600,4616,1609560412,1613528153,1613532769,gpuNode1
job999,4000000,1,0,345600,4714,1609560416,1613528153,1613532867,gpuNode1
job995,4000000,1,0,345600,4743,1609560413,1613528153,1613532896,gpuNode1
job975,4000000,1,0,345600,4879,1609560397,1613528150,1613533029,gpuNode1
job959,4000000,1,0,345600,4905,1609560384,1613528150,1613533055,gpuNode1
job991,4000000,1,0,345600,4949,1609560410,1613528153,1613533102,gpuNode1
job988,4000000,1,0,345600,4967,1609560408,1613528153,1613533120,gpuNode1
job970,4000000,1,0,345600,5184,1609560392,1613528150,1613533334,gpuNode1
job990,4000000,1,0,345600,5197,1609560409,1613528153,1613533350,gpuNode1
job985,4000000,1,0,345600,5358,1609560405,1613528150,1613533508,gpuNode1
job966,4000000,1,0,345600,5453,1609560389,1613528150,1613533603,gpuNode1
job983,4000000,1,0,345600,5566,1609560404,1613528150,1613533716,gpuNode1
job952,4000000,1,0,345600,5879,1609560378,1613527955,1613533834,bigMemNode1
job960,4000000,1,0,345600,6156,1609560384,1613528150,1613534306,gpuNode1
job979,4000000,1,0,345600,6472,1609560400,1613528150,1613534622,gpuNode1
job974,4000000,1,0,345600,6485,1609560396,1613528150,1613534635,gpuNode1
job957,4000000,1,0,345600,6567,1609560382,1613528150,1613534717,gpuNode1
job997,4000000,1,0,345600,6893,1609560415,1613528153,1613535046,gpuNode1
job998,4000000,1,0,345600,7053,1609560416,1613528153,1613535206,gpuNode1
job968,4000000,1,0,345600,7765,1609560391,1613528150,1613535915,gpuNode1
job816,100000000,1,0,259200,33493,1609556153,1613503145,1613536638,bigMemNode1
job977,4000000,1,0,345600,8880,1609560398,1613528150,1613537030,gpuNode1
job981,4000000,1,0,345600,9951,1609560402,1613528150,1613538101,gpuNode1
job973,4000000,1,0,345600,14546,1609560395,1613528150,1613542696,gpuNode1
job878,72000000,24,0,86400,48279,1609556930,1613505699,1613553978,computeNode3
job769,50000000,50,0,85800,53751,1609550356,1613503145,1613556896,computeNode1
job880,72000000,24,0,86400,45473,1609556935,1613514046,1613559519,bigMemNode2
job806,4000000,1,0,90000,69348,1609555603,1613503145,1613572493,computeNode4
job763,50000000,50,0,85800,85827,1609550205,1613487177,1613572977,computeNode5
job879,32000000,32,0,216000,85018,1609556933,1613505700,1613590718,computeNode3
job707,64000000,16,0,345600,127205,1609548342,1613479769,1613606974,bigMemNode1
job881,32000000,32,0,216000,101581,1609556938,1613526969,1613628550,computeNode4
job391,256000000,1,0,342000,294516,1609537381,1613475816,1613770332,computeNode2
